{"cameraMode":{"drawMode":0,"name":"Shaded","section":"Shading Mode"},"sceneLighting":true,"audioPlay":false,"sceneViewState":{"m_AlwaysRefresh":false,"showFog":true,"showSkybox":true,"showFlares":true,"showImageEffects":true,"showParticleSystems":true,"showVisualEffectGraphs":true,"m_FxEnabled":true},"in2DMode":false,"pivot":{"x":0.2922236919403076,"y":2.4537932872772219,"z":-1.3670263290405274},"rotation":{"x":-0.061612021178007129,"y":0.9372666478157044,"z":-0.21778422594070435,"w":-0.2651560306549072},"size":2.343644618988037,"orthographic":false}