{"cameraMode":{"drawMode":0,"name":"Shaded","section":"Shading Mode"},"sceneLighting":true,"audioPlay":false,"sceneViewState":{"m_AlwaysRefresh":false,"showFog":true,"showSkybox":true,"showFlares":true,"showImageEffects":true,"showParticleSystems":true,"showVisualEffectGraphs":true,"m_FxEnabled":true},"in2DMode":false,"pivot":{"x":0.24884453415870667,"y":2.437587261199951,"z":0.7038754820823669},"rotation":{"x":-0.039970871061086658,"y":-0.6847990155220032,"z":0.037596724927425387,"w":-0.7267202734947205},"size":1.0125186443328858,"orthographic":false}