{"cameraMode":{"drawMode":0,"name":"Shaded","section":"Shading Mode"},"sceneLighting":true,"audioPlay":false,"sceneViewState":{"m_AlwaysRefresh":false,"showFog":true,"showSkybox":true,"showFlares":true,"showImageEffects":true,"showParticleSystems":true,"showVisualEffectGraphs":true,"m_FxEnabled":true},"in2DMode":false,"pivot":{"x":1.8982865810394288,"y":1.9189226627349854,"z":-9.203871726989746},"rotation":{"x":0.0002584719331935048,"y":-0.9994828104972839,"z":-0.005686671938747168,"w":-0.034755464643239978},"size":15.33353328704834,"orthographic":false}